<NotepadPlus>
    <UserLang name="Q" ext="q">
        <Settings>
            <Global caseIgnored="no" escapeChar="`" />
            <TreatAsSymbol comment="no" commentLine="yes" />
            <Prefix words1="no" words2="no" words3="no" words4="no" />
        </Settings>
        <KeywordLists>
            <Keywords name="Delimiters">&quot;00&quot;00</Keywords>
            <Keywords name="Folder+">{</Keywords>
            <Keywords name="Folder-">}</Keywords>
            <Keywords name="Operators">&apos; - ! &quot; # $ % &amp; ( ) * , . : ; ? @ [ \ ] ^ _ ` { | } ~ + &lt; = &gt;</Keywords>
            <Keywords name="Comment">1 2 0/</Keywords>
            <Keywords name="Words1">neg not null string reciprocal floor ceiling signum mod xbar xlog and or each scan over mmu lsq inv md5 ltime gtime count first var dev med cov cor all any rand sums prds mins maxs fills deltas ratios avgs differ prev next rank reverse iasc idesc asc desc msum mcount mavg mdev xrank mmin mmax xprev rotate distinct group where flip type key til get value attr cut set upsert raze union inter except cross sv vs sublist enlist read0 read1 hopen hclose hdel hsym hcount peach system ltrim rtrim trim lower upper ssr view tables views cols xcols keys xkey xcol xasc xdesc fkeys meta uj lj ij pj aj aj0 asof wj fby ungroup xgroup ej plist txf save load rsave rload show csv parse eval insert exec update delete in last avg wavg max min within  select from by </Keywords>
            <Keywords name="Words2"></Keywords>
            <Keywords name="Words3"></Keywords>
            <Keywords name="Words4"></Keywords>
        </KeywordLists>
        <Styles>
            <WordsStyle name="DEFAULT" styleID="11" fgColor="400000" bgColor="FFFFFF" fontName="" fontStyle="0" />
            <WordsStyle name="FOLDEROPEN" styleID="12" fgColor="000000" bgColor="FFFFFF" fontName="" fontStyle="0" />
            <WordsStyle name="FOLDERCLOSE" styleID="13" fgColor="000000" bgColor="FFFFFF" fontName="" fontStyle="0" />
            <WordsStyle name="KEYWORD1" styleID="5" fgColor="0000A0" bgColor="FFFFFF" fontName="" fontStyle="1" />
            <WordsStyle name="KEYWORD2" styleID="6" fgColor="000000" bgColor="FFFFFF" fontName="" fontStyle="0" />
            <WordsStyle name="KEYWORD3" styleID="7" fgColor="000000" bgColor="FFFFFF" fontName="" fontStyle="0" />
            <WordsStyle name="KEYWORD4" styleID="8" fgColor="000000" bgColor="FFFFFF" fontName="" fontStyle="0" />
            <WordsStyle name="COMMENT" styleID="1" fgColor="000000" bgColor="FFFFFF" fontName="" fontStyle="0" />
            <WordsStyle name="COMMENT LINE" styleID="2" fgColor="008040" bgColor="FFFFFF" fontName="" fontStyle="3" />
            <WordsStyle name="NUMBER" styleID="4" fgColor="0000FF" bgColor="FFFFFF" fontName="" fontStyle="0" />
            <WordsStyle name="OPERATOR" styleID="10" fgColor="000000" bgColor="FFFFFF" fontName="" fontStyle="1" />
            <WordsStyle name="DELIMINER1" styleID="14" fgColor="008000" bgColor="FFFFFF" fontName="" fontStyle="0" />
            <WordsStyle name="DELIMINER2" styleID="15" fgColor="000000" bgColor="FFFFFF" fontName="" fontStyle="0" />
            <WordsStyle name="DELIMINER3" styleID="16" fgColor="000000" bgColor="FFFFFF" fontName="" fontStyle="0" />
        </Styles>
    </UserLang>
</NotepadPlus>
